model,rig,regime,mic_group,n_frames,pit_mae
hf0_l3_r2_s0,DREGON,all,all,44176,13.575329
hf0_l3_r2_s0,DREGON,all,ch0,5522,22.394049
hf0_l3_r2_s0,DREGON,all,ch1-7,38654,12.315511
hf0_l3_r2_s0,DREGON,below-30,all,1232,23.018822
hf0_l3_r2_s0,DREGON,below-30,ch0,154,16.780096
hf0_l3_r2_s0,DREGON,below-30,ch1-7,1078,23.910068
hf0_l3_r2_s0,DREGON,cruise:all,all,32128,12.779565
hf0_l3_r2_s0,DREGON,cruise:all,ch0,4016,25.403731
hf0_l3_r2_s0,DREGON,cruise:all,ch1-7,28112,10.976113
hf0_l3_r2_s0,DREGON,cruise:in-grid,all,32128,12.779565
hf0_l3_r2_s0,DREGON,cruise:in-grid,ch0,4016,25.403731
hf0_l3_r2_s0,DREGON,cruise:in-grid,ch1-7,28112,10.976113
hf0_l3_r2_s0,DREGON,ground:all,all,6024,5.997248
hf0_l3_r2_s0,DREGON,ground:all,ch0,753,1.536054
hf0_l3_r2_s0,DREGON,ground:all,ch1-7,5271,6.634561
hf0_l3_r2_s0,DREGON,ground:below-30,all,192,21.156103
hf0_l3_r2_s0,DREGON,ground:below-30,ch0,24,8.948554
hf0_l3_r2_s0,DREGON,ground:below-30,ch1-7,168,22.900038
hf0_l3_r2_s0,DREGON,ground:zero-frames,all,5832,5.498191
hf0_l3_r2_s0,DREGON,ground:zero-frames,ch0,729,1.292022
hf0_l3_r2_s0,DREGON,ground:zero-frames,ch1-7,5103,6.099072
hf0_l3_r2_s0,DREGON,in-grid,all,36304,14.801306
hf0_l3_r2_s0,DREGON,in-grid,ch0,4538,26.462463
hf0_l3_r2_s0,DREGON,in-grid,ch1-7,31766,13.135427
hf0_l3_r2_s0,DREGON,ramp:all,all,6024,25.397481
hf0_l3_r2_s0,DREGON,ramp:all,ch0,753,27.200406
hf0_l3_r2_s0,DREGON,ramp:all,ch1-7,5271,25.139920
hf0_l3_r2_s0,DREGON,ramp:below-30,all,1040,23.362708
hf0_l3_r2_s0,DREGON,ramp:below-30,ch0,130,18.225919
hf0_l3_r2_s0,DREGON,ramp:below-30,ch1-7,910,24.096536
hf0_l3_r2_s0,DREGON,ramp:in-grid,all,4176,30.355545
hf0_l3_r2_s0,DREGON,ramp:in-grid,ch0,522,34.607803
hf0_l3_r2_s0,DREGON,ramp:in-grid,ch1-7,3654,29.748080
hf0_l3_r2_s0,DREGON,ramp:zero-frames,all,808,2.391648
hf0_l3_r2_s0,DREGON,ramp:zero-frames,ch0,101,0.467954
hf0_l3_r2_s0,DREGON,ramp:zero-frames,ch1-7,707,2.666462
hf0_l3_r2_s0,DREGON,zero-frames,all,6640,5.120166
hf0_l3_r2_s0,DREGON,zero-frames,ch0,830,1.191743
hf0_l3_r2_s0,DREGON,zero-frames,ch1-7,5810,5.681369
hf0_l3_r2_s0,FLY124,all,all,30120,8.559229
hf0_l3_r2_s0,FLY124,all,ch0,3765,8.673624
hf0_l3_r2_s0,FLY124,all,ch1-7,26355,8.542887
hf0_l3_r2_s0,FLY124,below-30,all,1496,25.895894
hf0_l3_r2_s0,FLY124,below-30,ch0,187,26.649675
hf0_l3_r2_s0,FLY124,below-30,ch1-7,1309,25.788210
hf0_l3_r2_s0,FLY124,cruise:all,all,20080,3.762127
hf0_l3_r2_s0,FLY124,cruise:all,ch0,2510,3.121996
hf0_l3_r2_s0,FLY124,cruise:all,ch1-7,17570,3.853574
hf0_l3_r2_s0,FLY124,cruise:in-grid,all,20080,3.762127
hf0_l3_r2_s0,FLY124,cruise:in-grid,ch0,2510,3.121996
hf0_l3_r2_s0,FLY124,cruise:in-grid,ch1-7,17570,3.853574
hf0_l3_r2_s0,FLY124,ground:all,all,2008,7.182911
hf0_l3_r2_s0,FLY124,ground:all,ch0,251,11.026745
hf0_l3_r2_s0,FLY124,ground:all,ch1-7,1757,6.633791
hf0_l3_r2_s0,FLY124,ground:zero-frames,all,2008,7.182911
hf0_l3_r2_s0,FLY124,ground:zero-frames,ch0,251,11.026745
hf0_l3_r2_s0,FLY124,ground:zero-frames,ch1-7,1757,6.633791
hf0_l3_r2_s0,FLY124,in-grid,all,25968,7.730774
hf0_l3_r2_s0,FLY124,in-grid,ch0,3246,7.353750
hf0_l3_r2_s0,FLY124,in-grid,ch1-7,22722,7.784635
hf0_l3_r2_s0,FLY124,ramp:all,all,8032,20.896065
hf0_l3_r2_s0,FLY124,ramp:all,ch0,1004,21.964414
hf0_l3_r2_s0,FLY124,ramp:all,ch1-7,7028,20.743443
hf0_l3_r2_s0,FLY124,ramp:below-30,all,1496,25.895894
hf0_l3_r2_s0,FLY124,ramp:below-30,ch0,187,26.649675
hf0_l3_r2_s0,FLY124,ramp:below-30,ch1-7,1309,25.788210
hf0_l3_r2_s0,FLY124,ramp:in-grid,all,5888,21.265155
hf0_l3_r2_s0,FLY124,ramp:in-grid,ch0,736,21.785411
hf0_l3_r2_s0,FLY124,ramp:in-grid,ch1-7,5152,21.190833
hf0_l3_r2_s0,FLY124,ramp:zero-frames,all,648,5.999534
hf0_l3_r2_s0,FLY124,ramp:zero-frames,ch0,81,12.774317
hf0_l3_r2_s0,FLY124,ramp:zero-frames,ch1-7,567,5.031708
hf0_l3_r2_s0,FLY124,zero-frames,all,2656,6.894195
hf0_l3_r2_s0,FLY124,zero-frames,ch0,332,11.453111
hf0_l3_r2_s0,FLY124,zero-frames,ch1-7,2324,6.242922
hf0_l3_r2_s0,all,all,all,74296,11.541775
hf0_l3_r2_s0,all,all,ch0,9287,16.831714
hf0_l3_r2_s0,all,all,ch1-7,65009,10.786069
hf0_l3_r2_s0,all,below-30,all,2728,24.596571
hf0_l3_r2_s0,all,below-30,ch0,341,22.192446
hf0_l3_r2_s0,all,below-30,ch1-7,2387,24.940017
hf0_l3_r2_s0,all,cruise:all,all,52208,9.311320
hf0_l3_r2_s0,all,cruise:all,ch0,6526,16.833833
hf0_l3_r2_s0,all,cruise:all,ch1-7,45682,8.236675
hf0_l3_r2_s0,all,cruise:in-grid,all,52208,9.311320
hf0_l3_r2_s0,all,cruise:in-grid,ch0,6526,16.833833
hf0_l3_r2_s0,all,cruise:in-grid,ch1-7,45682,8.236675
hf0_l3_r2_s0,all,ground:all,all,8032,6.293664
hf0_l3_r2_s0,all,ground:all,ch0,1004,3.908727
hf0_l3_r2_s0,all,ground:all,ch1-7,7028,6.634369
hf0_l3_r2_s0,all,ground:below-30,all,192,21.156103
hf0_l3_r2_s0,all,ground:below-30,ch0,24,8.948554
hf0_l3_r2_s0,all,ground:below-30,ch1-7,168,22.900038
hf0_l3_r2_s0,all,ground:zero-frames,all,7840,5.929686
hf0_l3_r2_s0,all,ground:zero-frames,ch0,980,3.785303
hf0_l3_r2_s0,all,ground:zero-frames,ch1-7,6860,6.236026
hf0_l3_r2_s0,all,in-grid,all,62272,11.852829
hf0_l3_r2_s0,all,in-grid,ch0,7784,18.493953
hf0_l3_r2_s0,all,in-grid,ch1-7,54488,10.904097
hf0_l3_r2_s0,all,ramp:all,all,14056,22.825243
hf0_l3_r2_s0,all,ramp:all,ch0,1757,24.208411
hf0_l3_r2_s0,all,ramp:all,ch1-7,12299,22.627648
hf0_l3_r2_s0,all,ramp:below-30,all,2536,24.857048
hf0_l3_r2_s0,all,ramp:below-30,ch0,317,23.195138
hf0_l3_r2_s0,all,ramp:below-30,ch1-7,2219,25.094464
hf0_l3_r2_s0,all,ramp:in-grid,all,10064,25.037162
hf0_l3_r2_s0,all,ramp:in-grid,ch0,1258,27.105990
hf0_l3_r2_s0,all,ramp:in-grid,ch1-7,8806,24.741615
hf0_l3_r2_s0,all,ramp:zero-frames,all,1456,3.997356
hf0_l3_r2_s0,all,ramp:zero-frames,ch0,182,5.944962
hf0_l3_r2_s0,all,ramp:zero-frames,ch1-7,1274,3.719126
hf0_l3_r2_s0,all,zero-frames,all,9296,5.627031
hf0_l3_r2_s0,all,zero-frames,ch0,1162,4.123563
hf0_l3_r2_s0,all,zero-frames,ch1-7,8134,5.841813
